x	y	dx	dy
0.0139250	2.1762E-11	0.0000354	9.9E-15
0.0141500	2.1202E-11	0.0000354	9.1E-15
0.0132000	2.0229E-11	0.0000354	7.9E-15
0.0131250	1.9625E-11	0.0000354	7.2E-15
0.0123000	1.8936E-11	0.0000354	6.5E-15
0.0117750	1.8671E-11	0.0000354	6.2E-15
0.0122500	1.8376E-11	0.0000354	5.9E-15
0.0119250	1.7768E-11	0.0000354	5.4E-15